id,name,model_id/id,group_id/id,perm_read,perm_write,perm_create,perm_unlink
access_lpo_control,access_lpo_control,model_lpo_control,base.group_user,1,1,1,1
access_lpo_control_line,access_lpo_control_line,model_lpo_control_line,base.group_user,1,1,1,1
access_lpo_control_wizard,access_lpo_control_wizard,model_lpo_control_wizard,base.group_user,1,1,1,1
access_lpo_control_line_wizard,access_lpo_control_line_wizard,model_lpo_control_line_wizard,base.group_user,1,1,1,1
project_extended.access_overtime_lines,access_overtime_lines,project_extended.model_overtime_lines,base.group_user,1,1,1,1
project_extended.access_project_shift_wizard,access_project_shift_wizard,project_extended.model_project_shift_wizard,base.group_user,1,1,1,1
access_waste_type,access_waste_type,model_waste_type,base.group_user,1,1,1,1
access_vehicle_type,access_vehicle_type,model_vehicle_type,base.group_user,1,1,1,1
project_extended.access_task_resource_history,access_task_resource_history,project_extended.model_task_resource_history,base.group_user,1,1,1,1
project_extended.access_employee_task_history,access_employee_task_history,project_extended.model_employee_task_history,base.group_user,1,1,1,1
project_extended.access_equipment_type,access_equipment_type,project_extended.model_equipment_type,base.group_user,1,1,1,1
project_extended.access_trip_sheet,access_trip_sheet,project_extended.model_trip_sheet,base.group_user,1,1,1,1
project_extended.access_task_invoice_wizard,access_task_invoice_wizard,project_extended.model_task_invoice_wizard,base.group_user,1,1,1,1
project_extended.access_employee_task_reported_wizard,access_employee_task_reported_wizard,project_extended.model_employee_task_reported_wizard,base.group_user,1,1,1,1
project_extended.access_skip_delivered,access_skip_delivered,project_extended.model_skip_delivered,base.group_user,1,1,1,1
project_extended.access_skip_collected,access_skip_collected,project_extended.model_skip_collected,base.group_user,1,1,1,1
project_extended.access_material_details,access_material_details,project_extended.model_material_details,base.group_user,1,1,1,1
project_extended.access_transporters_details,access_transporters_details,project_extended.model_transporters_details,base.group_user,1,1,1,1
access_timeoff_ramadan,access_timeoff_ramadan,model_timeoff_ramadan,base.group_user,1,1,1,1

access_task_demobilize,access_task_demobilize,project_extended.model_task_demobilize,,1,1,1,1
access_task.demobilize.wizard,access_task_demobilize_wizard,project_extended.model_task_demobilize_wizard,,1,1,1,1

access_idle_timesheet_wizard,access_idle_timesheet_wizard,model_idle_timesheet_wizard,base.group_user,1,1,1,1
access_employee_avilable_report,access_employee_avilable_report,model_employee_avilable_report,base.group_user,1,1,1,1
access_employee_schedule_report,access_employee_schedule_report,model_employee_schedule_report,base.group_user,1,1,1,1

access_warning_check_stop_wizard,access_warning_check_stop_wizard,model_warning_check_stop_wizard,base.group_user,1,1,1,1
access_stop_warning,access_stop_warning,model_stop_warning,base.group_user,1,1,1,0
project_extended.access_employee_schedule_deployed,access_employee_schedule_deployed,project_extended.model_employee_schedule_deployed,base.group_user,1,1,1,1
custom_reports.access_project_task_wizard,access_project_task_wizard,custom_reports.model_project_task_wizard,base.group_user,1,1,1,1
custom_reports.access_project_task_wizard,access_project_task_wizard,custom_reports.model_project_task_wizard,base.group_user,1,1,1,1
access_task_calendar_leaves,access_task_calendar_leaves,model_task_calendar_leaves,base.group_user,1,1,1,1
